full_name,type,state,district,twitter_url,bioguide_id
Lisa Murkowski,sen,AK,,https://twitter.com/LisaForSenate,M001153
Dan Sullivan,sen,AK,,https://twitter.com/DanSullivan_AK,S001198
Richard C. Shelby,sen,AL,,NaN,S000320
Tommy Tuberville,sen,AL,,https://twitter.com/TTuberville,T000278
John Boozman,sen,AR,,https://twitter.com/Boozman4AR,B001236
Tom Cotton,sen,AR,,https://twitter.com/TomCottonAR,C001095
Kyrsten Sinema,sen,AZ,,https://twitter.com/kyrstensinema,S001191
Mark Kelly,sen,AZ,,https://twitter.com/CaptMarkKelly,K000377
Dianne Feinstein,sen,CA,,NaN,F000062
Alex Padilla,sen,CA,,https://twitter.com/AlexPadilla4CA,P000145
Michael F. Bennet,sen,CO,,https://twitter.com/MichaelBennet,B001267
John W. Hickenlooper,sen,CO,,https://twitter.com/Hickenlooper,H000273
Richard Blumenthal,sen,CT,,NaN,B001277
Christopher Murphy,sen,CT,,https://twitter.com/ChrisMurphyCT,M001169
Thomas R. Carper,sen,DE,,https://twitter.com/TomCarperforDE,C000174
Christopher A. Coons,sen,DE,,https://twitter.com/ChrisCoonsforDE,C001088
Marco Rubio,sen,FL,,https://twitter.com/marcorubio,R000595
Rick Scott,sen,FL,,https://twitter.com/ScottforFlorida,S001217
Jon Ossoff,sen,GA,,https://twitter.com/ossoff,O000174
Raphael G. Warnock,sen,GA,,https://twitter.com/ReverendWarnock,W000790
Mazie K. Hirono,sen,HI,,https://twitter.com/mazieforhawaii,H001042
Brian Schatz,sen,HI,,https://twitter.com/brianschatz,S001194
Chuck Grassley,sen,IA,,NaN,G000386
Joni Ernst,sen,IA,,https://twitter.com/joniernst,E000295
James E. Risch,sen,ID,,https://twitter.com/Risch4Idaho,R000584
Mike Crapo,sen,ID,,https://twitter.com/crapoforsenate,C000880
Richard J. Durbin,sen,IL,,https://twitter.com/DickDurbin,D000563
Tammy Duckworth,sen,IL,,https://twitter.com/TammyforIL,D000622
Todd Young,sen,IN,,https://twitter.com/ToddYoungIN,Y000064
Mike Braun,sen,IN,,https://twitter.com/braun4indiana,B001310
Jerry Moran,sen,KS,,NaN,M000934
Roger Marshall,sen,KS,,https://twitter.com/RogerMarshallMD,M001198
Mitch McConnell,sen,KY,,NaN,M000355
Rand Paul,sen,KY,,https://twitter.com/DrRandPaul,P000603
Bill Cassidy,sen,LA,,https://twitter.com/BillCassidy,C001075
John Kennedy,sen,LA,,https://twitter.com/JohnKennedyLA,K000393
Edward J. Markey,sen,MA,,https://twitter.com/EdMarkey,M000133
Elizabeth Warren,sen,MA,,https://twitter.com/ewarren,W000817
Benjamin L. Cardin,sen,MD,,https://twitter.com/BenCardinforMD,C000141
Chris Van Hollen,sen,MD,,https://twitter.com/VanHollenForMD,V000128
Susan M. Collins,sen,ME,,https://twitter.com/SenSusanCollins,C001035
"Angus S. King, Jr.",sen,ME,,https://twitter.com/AngusforMaine,K000383
Debbie Stabenow,sen,MI,,https://twitter.com/stabenow,S000770
Gary C. Peters,sen,MI,,https://twitter.com/GaryPeters,P000595
Amy Klobuchar,sen,MN,,https://twitter.com/amyklobuchar,K000367
Tina Smith,sen,MN,,https://twitter.com/TinaSmithMN,S001203
Roy Blunt,sen,MO,,https://twitter.com/RoyBluntMO,B000575
Josh Hawley,sen,MO,,https://twitter.com/HawleyMO,H001089
Roger F. Wicker,sen,MS,,https://twitter.com/RogerWicker,W000437
Cindy Hyde-Smith,sen,MS,,https://twitter.com/cindyhydesmith,H001079
Jon Tester,sen,MT,,https://twitter.com/jontester,T000464
Steve Daines,sen,MT,,https://twitter.com/DainesforMT,D000618
Richard Burr,sen,NC,,NaN,B001135
Thom Tillis,sen,NC,,https://twitter.com/ThomTillis,T000476
John Hoeven,sen,ND,,NaN,H001061
Kevin Cramer,sen,ND,,https://twitter.com/kevincramer,C001096
Deb Fischer,sen,NE,,https://twitter.com/DebFischerNE,F000463
Ben Sasse,sen,NE,,https://twitter.com/BenSasse,S001197
Jeanne Shaheen,sen,NH,,https://twitter.com/JeanneShaheen,S001181
Margaret Wood Hassan,sen,NH,,https://twitter.com/Maggie_Hassan,H001076
Robert Menendez,sen,NJ,,https://twitter.com/BobMenendezNJ,M000639
Cory A. Booker,sen,NJ,,https://twitter.com/CoryBooker,B001288
Martin Heinrich,sen,NM,,https://twitter.com/TeamHeinrich,H001046
Ben Ray Luj√°n,sen,NM,,https://twitter.com/benraylujan,L000570
Catherine Cortez Masto,sen,NV,,https://twitter.com/CatherineForNV,C001113
Jacky Rosen,sen,NV,,https://twitter.com/RosenforNevada,R000608
Kirsten E. Gillibrand,sen,NY,,https://twitter.com/gillibrandny,G000555
Charles E. Schumer,sen,NY,,https://twitter.com/chuckschumer,S000148
Sherrod Brown,sen,OH,,https://twitter.com/SherrodBrown,B000944
Rob Portman,sen,OH,,https://twitter.com/robportman,P000449
James M. Inhofe,sen,OK,,https://twitter.com/inhofeforsenate,I000024
James Lankford,sen,OK,,https://twitter.com/jameslankford,L000575
Jeff Merkley,sen,OR,,https://twitter.com/JeffMerkley,M001176
Ron Wyden,sen,OR,,NaN,W000779
"Robert P. Casey, Jr.",sen,PA,,https://twitter.com/Bob_Casey,C001070
Patrick J. Toomey,sen,PA,,https://twitter.com/PatToomey,T000461
Sheldon Whitehouse,sen,RI,,https://twitter.com/SheldonforRI,W000802
Jack Reed,sen,RI,,https://twitter.com/jackreed2020,R000122
Lindsey Graham,sen,SC,,https://twitter.com/LindseyGrahamSC,G000359
Tim Scott,sen,SC,,https://twitter.com/TimScottSC,S001184
John Thune,sen,SD,,https://twitter.com/johnthune,T000250
Mike Rounds,sen,SD,,https://twitter.com/RoundsforSenate,R000605
Marsha Blackburn,sen,TN,,https://twitter.com/MarshaSays,B001243
Bill Hagerty,sen,TN,,https://twitter.com/BillHagertyTN,H000601
John Cornyn,sen,TX,,https://twitter.com/TeamCornyn,C001056
Ted Cruz,sen,TX,,https://twitter.com/tedcruz,C001098
Mike Lee,sen,UT,,https://twitter.com/MikeLeeforUtah,L000577
Mitt Romney,sen,UT,,https://twitter.com/MittRomney,R000615
Mark R. Warner,sen,VA,,https://twitter.com/MarkWarnerVA,W000805
Tim Kaine,sen,VA,,https://twitter.com/timkaine,K000384
Bernard Sanders,sen,VT,,https://twitter.com/BernieSanders,S000033
Patrick J. Leahy,sen,VT,,NaN,L000174
Maria Cantwell,sen,WA,,https://twitter.com/MariaCantwell,C000127
Patty Murray,sen,WA,,https://twitter.com/MurrayCampaign,M001111
Tammy Baldwin,sen,WI,,https://twitter.com/tammybaldwin,B001230
Ron Johnson,sen,WI,,https://twitter.com/RonJohnsonWI,J000293
"Joe Manchin, III",sen,WV,,https://twitter.com/JoeManchinWV,M001183
Shelley Moore Capito,sen,WV,,https://twitter.com/CapitoforWV,C001047
John Barrasso,sen,WY,,https://twitter.com/barrassoforwyo,B001261
Cynthia M. Lummis,sen,WY,,https://twitter.com/CynthiaMLummis,L000571
Don Young,rep,AK,0,https://twitter.com/DonYoungAK,Y000033
Jerry L. Carl,rep,AL,1,https://twitter.com/CarlForAlabama,C001054
Barry Moore,rep,AL,2,NaN,M001212
Mike Rogers,rep,AL,3,NaN,R000575
Robert B. Aderholt,rep,AL,4,NaN,A000055
Mo Brooks,rep,AL,5,https://twitter.com/MoBrooks_,B001274
Gary J. Palmer,rep,AL,6,https://twitter.com/Palmer4Alabama,P000609
Terri Sewell,rep,AL,7,https://twitter.com/Sewell4Congress,S001185
"Eric A. ""Rick"" Crawford",rep,AR,1,https://twitter.com/Crawford4Cong,C001087
J. Hill,rep,AR,2,https://twitter.com/ElectFrench,H001072
Steve Womack,rep,AR,3,https://twitter.com/womack4congress,W000809
Bruce Westerman,rep,AR,4,https://twitter.com/WestermanAR,W000821
Aumua Amata Coleman Radewagen,rep,AS,0,https://twitter.com/amata96799,R000600
Tom O‚ÄôHalleran,rep,AZ,1,https://twitter.com/TomOHalleran,O000171
Ann Kirkpatrick,rep,AZ,2,https://twitter.com/Ann_Kirkpatrick,K000368
Ra√∫l M. Grijalva,rep,AZ,3,https://twitter.com/standwithraul,G000551
Paul A. Gosar,rep,AZ,4,https://twitter.com/DrPaulGosar,G000565
Andy Biggs,rep,AZ,5,https://twitter.com/andybiggs4az,B001302
David Schweikert,rep,AZ,6,https://twitter.com/DavidSchweikert,S001183
Ruben Gallego,rep,AZ,7,https://twitter.com/RubenGallego,G000574
Debbie Lesko,rep,AZ,8,https://twitter.com/DebbieLesko,L000589
Greg Stanton,rep,AZ,9,https://twitter.com/gregstantonaz,S001211
Doug LaMalfa,rep,CA,1,https://twitter.com/DougLaMalfa,L000578
Jared Huffman,rep,CA,2,https://twitter.com/JaredHuffman,H001068
John Garamendi,rep,CA,3,https://twitter.com/JohnGaramendi,G000559
Tom McClintock,rep,CA,4,https://twitter.com/tommcclintock,M001177
Mike Thompson,rep,CA,5,https://twitter.com/Mike_CA05,T000460
Doris O. Matsui,rep,CA,6,https://twitter.com/Matsui4Congress,M001163
Ami Bera,rep,CA,7,https://twitter.com/BeraForCongress,B001287
Jay Obernolte,rep,CA,8,https://twitter.com/TeamObernolte,O000019
Jerry McNerney,rep,CA,9,https://twitter.com/jerrymcnerney,M001166
Josh Harder,rep,CA,10,https://twitter.com/JoshHarder,H001090
Mark DeSaulnier,rep,CA,11,https://twitter.com/MarkDeSaulnier,D000623
Nancy Pelosi,rep,CA,12,https://twitter.com/TeamPelosi,P000197
Barbara Lee,rep,CA,13,https://twitter.com/BLeeForCongress,L000551
Jackie Speier,rep,CA,14,https://twitter.com/JackieSpeier,S001175
Eric Swalwell,rep,CA,15,https://twitter.com/ericswalwell,S001193
Jim Costa,rep,CA,16,NaN,C001059
Ro Khanna,rep,CA,17,https://twitter.com/RoKhanna,K000389
Anna G. Eshoo,rep,CA,18,https://twitter.com/Eshoo4Congress,E000215
Zoe Lofgren,rep,CA,19,https://twitter.com/ZoeLofgren,L000397
Jimmy Panetta,rep,CA,20,https://twitter.com/JimmyPanetta,P000613
David G. Valadao,rep,CA,21,https://twitter.com/dgvaladao,V000129
Devin Nunes,rep,CA,22,NaN,N000181
Kevin McCarthy,rep,CA,23,https://twitter.com/kevinomccarthy,M001165
Salud O. Carbajal,rep,CA,24,https://twitter.com/carbajalsalud,C001112
Mike Garcia,rep,CA,25,https://twitter.com/ElectMikeGarcia,G000061
Julia Brownley,rep,CA,26,https://twitter.com/JuliaBrownley,B001285
Judy Chu,rep,CA,27,https://twitter.com/JudyChuCampaign,C001080
Adam B. Schiff,rep,CA,28,https://twitter.com/AdamSchiff,S001150
Tony C√°rdenas,rep,CA,29,https://twitter.com/Tcardenas,C001097
Brad Sherman,rep,CA,30,https://twitter.com/BradSherman4SFV,S000344
Pete Aguilar,rep,CA,31,https://twitter.com/AguilarCampaign,A000371
Grace F. Napolitano,rep,CA,32,https://twitter.com/grace4congress,N000179
Ted Lieu,rep,CA,33,https://twitter.com/tedlieu,L000582
Jimmy Gomez,rep,CA,34,https://twitter.com/JimmyGomezCA,G000585
Norma J. Torres,rep,CA,35,https://twitter.com/Norma4Congress,T000474
Raul Ruiz,rep,CA,36,https://twitter.com/RaulRuizCA36,R000599
Karen Bass,rep,CA,37,https://twitter.com/KarenBassTweets,B001270
Linda T. S√°nchez,rep,CA,38,https://twitter.com/LindaTSanchez,S001156
Young Kim,rep,CA,39,https://twitter.com/YoungKimCA,K000397
Lucille Roybal-Allard,rep,CA,40,https://twitter.com/LRAforCongress,R000486
Mark Takano,rep,CA,41,https://twitter.com/MarkTakano,T000472
Ken Calvert,rep,CA,42,https://twitter.com/TeamCalvert,C000059
Maxine Waters,rep,CA,43,https://twitter.com/MaxineWaters,W000187
Nanette Diaz Barrag√°n,rep,CA,44,https://twitter.com/Nanette4CA,B001300
Katie Porter,rep,CA,45,https://twitter.com/katieporteroc,P000618
J. Luis Correa,rep,CA,46,https://twitter.com/voteloucorrea,C001110
Alan S. Lowenthal,rep,CA,47,https://twitter.com/alanlowenthal,L000579
Michelle Steel,rep,CA,48,https://twitter.com/MichelleSteelCA,S001135
Mike Levin,rep,CA,49,https://twitter.com/MikeLevin,L000593
Darrell Issa,rep,CA,50,https://twitter.com/DarrellIssa,I000056
Juan Vargas,rep,CA,51,https://twitter.com/JuanVargas4CA,V000130
Scott H. Peters,rep,CA,52,https://twitter.com/ScottPetersSD,P000608
Sara Jacobs,rep,CA,53,https://twitter.com/SaraJacobsCA,J000305
Diana DeGette,rep,CO,1,https://twitter.com/DeGette5280,D000197
Joe Neguse,rep,CO,2,https://twitter.com/JoeNeguse,N000191
Lauren Boebert,rep,CO,3,https://twitter.com/laurenboebert,B000825
Ken Buck,rep,CO,4,https://twitter.com/BuckForColorado,B001297
Doug Lamborn,rep,CO,5,https://twitter.com/DougLambornCD5,L000564
Jason Crow,rep,CO,6,https://twitter.com/JasonCrowCO,C001121
Ed Perlmutter,rep,CO,7,https://twitter.com/Ed4Colorado,P000593
John B. Larson,rep,CT,1,https://twitter.com/JohnLarsonCT,L000557
Joe Courtney,rep,CT,2,https://twitter.com/JoeCourtneyCT,C001069
Rosa L. DeLauro,rep,CT,3,https://twitter.com/Rosa_DeLauro,D000216
James A. Himes,rep,CT,4,https://twitter.com/jahimes,H001047
Jahana Hayes,rep,CT,5,https://twitter.com/JahanaHayesCT,H001081
Eleanor Holmes Norton,rep,DC,0,https://twitter.com/eleanor4dc,N000147
Lisa Blunt Rochester,rep,DE,0,https://twitter.com/LisaBRochester,B001303
Matt Gaetz,rep,FL,1,https://twitter.com/mattgaetz,G000578
Neal P. Dunn,rep,FL,2,https://twitter.com/DunnCampaign,D000628
Kat Cammack,rep,FL,3,https://twitter.com/Kat_Cammack,C001039
John H. Rutherford,rep,FL,4,https://twitter.com/JRutherfordFL,R000609
"Al Lawson, Jr.",rep,FL,5,https://twitter.com/AlLawsonJr,L000586
Michael Waltz,rep,FL,6,https://twitter.com/michaelgwaltz,W000823
Stephanie N. Murphy,rep,FL,7,https://twitter.com/SMurphyCongress,M001202
Bill Posey,rep,FL,8,https://twitter.com/PoseyCampaign,P000599
Darren Soto,rep,FL,9,https://twitter.com/DarrenSoto,S001200
Val Butler Demings,rep,FL,10,https://twitter.com/val_demings,D000627
Daniel Webster,rep,FL,11,https://twitter.com/WebsterCongress,W000806
Gus M. Bilirakis,rep,FL,12,https://twitter.com/Bilirakis,B001257
Charlie Crist,rep,FL,13,https://twitter.com/CharlieCrist,C001111
Kathy Castor,rep,FL,14,https://twitter.com/KathyCastorFL,C001066
C. Scott Franklin,rep,FL,15,https://twitter.com/ScottFranklinFL,F000472
Vern Buchanan,rep,FL,16,https://twitter.com/Vern2014,B001260
W. Gregory Steube,rep,FL,17,https://twitter.com/gregsteube,S001214
Brian J. Mast,rep,FL,18,https://twitter.com/BrianMastFL,M001199
Byron Donalds,rep,FL,19,https://twitter.com/ByronDonalds,D000032
Alcee L. Hastings,rep,FL,20,https://twitter.com/alcee4congress,H000324
Lois Frankel,rep,FL,21,https://twitter.com/LoisFrankel,F000462
Theodore E. Deutch,rep,FL,22,https://twitter.com/TedDeutch,D000610
Debbie Wasserman Schultz,rep,FL,23,https://twitter.com/DWStweets,W000797
Frederica S. Wilson,rep,FL,24,https://twitter.com/FSWInTheHouse,W000808
Mario Diaz-Balart,rep,FL,25,https://twitter.com/MarioDBCamp,D000600
Carlos A. Gimenez,rep,FL,26,https://twitter.com/CarlosGimenezFL,G000593
Maria Elvira Salazar,rep,FL,27,https://twitter.com/MaElviraSalazar,S000168
"Earl L. ""Buddy"" Carter",rep,GA,1,https://twitter.com/Buddy_Carter,C001103
"Sanford D. Bishop, Jr.",rep,GA,2,NaN,B000490
A. Drew Ferguson IV,rep,GA,3,https://twitter.com/DrewFergusonGA,F000465
"Henry C. ""Hank"" Johnson, Jr.",rep,GA,4,https://twitter.com/ReElectHank,J000288
Nikema Williams,rep,GA,5,https://twitter.com/NikemaWilliams,W000788
Lucy McBath,rep,GA,6,https://twitter.com/lucymcbath,M001208
Carolyn Bourdeaux,rep,GA,7,https://twitter.com/Carolyn4GA7,B001312
Austin Scott,rep,GA,8,https://twitter.com/AustinScott4GA,S001189
Andrew S. Clyde,rep,GA,9,NaN,C001116
Jody B. Hice,rep,GA,10,https://twitter.com/JodyHice,H001071
Barry Loudermilk,rep,GA,11,https://twitter.com/standwithbarry,L000583
Rick W. Allen,rep,GA,12,https://twitter.com/rickallen,A000372
David Scott,rep,GA,13,NaN,S001157
Marjorie Taylor Greene,rep,GA,14,https://twitter.com/mtgreenee,G000596
Michael F. Q. San Nicolas,rep,GU,0,NaN,S001204
Ed Case,rep,HI,1,https://twitter.com/EdCaseHawaii,C001055
Kaiali‚Äôi Kahele,rep,HI,2,https://twitter.com/kaikahele,K000396
Ashley Hinson,rep,IA,1,https://twitter.com/hinsonashley,H001091
Mariannette Miller-Meeks,rep,IA,2,https://twitter.com/millermeeks,M001215
Cynthia Axne,rep,IA,3,https://twitter.com/Axne4Congress,A000378
Randy Feenstra,rep,IA,4,https://twitter.com/RandyFeenstra,F000446
Russ Fulcher,rep,ID,1,https://twitter.com/RussFulcher,F000469
Michael K. Simpson,rep,ID,2,https://twitter.com/MikeSimpson4ID,S001148
Bobby L. Rush,rep,IL,1,https://twitter.com/bobbyrushfor1st,R000515
Robin L. Kelly,rep,IL,2,https://twitter.com/RobinLynneKelly,K000385
Marie Newman,rep,IL,3,https://twitter.com/Marie4Congress,N000192
"Jes√∫s G. ""Chuy"" Garc√≠a",rep,IL,4,https://twitter.com/ChuyForCongress,G000586
Mike Quigley,rep,IL,5,NaN,Q000023
Sean Casten,rep,IL,6,https://twitter.com/SeanCasten,C001117
Danny K. Davis,rep,IL,7,https://twitter.com/DannyKDavis7th,D000096
Raja Krishnamoorthi,rep,IL,8,https://twitter.com/RajaForCongress,K000391
Janice D. Schakowsky,rep,IL,9,https://twitter.com/RepSchakowsky,S001145
Bradley Scott Schneider,rep,IL,10,https://twitter.com/Schneider4IL10,S001190
Bill Foster,rep,IL,11,https://twitter.com/Foster4Congress,F000454
Mike Bost,rep,IL,12,https://twitter.com/BostForCongress,B001295
Rodney Davis,rep,IL,13,https://twitter.com/ElectRodney,D000619
Lauren Underwood,rep,IL,14,https://twitter.com/LaurenUnderwood,U000040
Mary E. Miller,rep,IL,15,https://twitter.com/Miller_Congress,M001211
Adam Kinzinger,rep,IL,16,https://twitter.com/AdamKinzinger,K000378
Cheri Bustos,rep,IL,17,https://twitter.com/CheriBustos,B001286
Darin LaHood,rep,IL,18,https://twitter.com/ElectLaHood,L000585
Frank J. Mrvan,rep,IN,1,https://twitter.com/mrvan4congress,M001214
Jackie Walorski,rep,IN,2,https://twitter.com/jackiewalorski,W000813
Jim Banks,rep,IN,3,https://twitter.com/Jim_Banks,B001299
James R. Baird,rep,IN,4,NaN,B001307
Victoria Spartz,rep,IN,5,https://twitter.com/Victoria_Spartz,S000929
Greg Pence,rep,IN,6,https://twitter.com/GregPenceIN,P000615
Andr√© Carson,rep,IN,7,https://twitter.com/Andre4Congress,C001072
Larry Bucshon,rep,IN,8,https://twitter.com/DrLarryBucshon,B001275
Trey Hollingsworth,rep,IN,9,https://twitter.com/VoteForTrey,H001074
Tracey Mann,rep,KS,1,https://twitter.com/TraceyMannKS,M000871
Jake LaTurner,rep,KS,2,https://twitter.com/JakeLaTurner,L000266
Sharice Davids,rep,KS,3,https://twitter.com/sharicedavids,D000629
Ron Estes,rep,KS,4,https://twitter.com/RonEstesKS,E000298
James Comer,rep,KY,1,https://twitter.com/JamesComer,C001108
Brett Guthrie,rep,KY,2,https://twitter.com/brettguthrie,G000558
John A. Yarmuth,rep,KY,3,NaN,Y000062
Thomas Massie,rep,KY,4,https://twitter.com/MassieforKY,M001184
Harold Rogers,rep,KY,5,https://twitter.com/HalRogersKY5,R000395
Andy Barr,rep,KY,6,https://twitter.com/barrforcongress,B001282
Steve Scalise,rep,LA,1,https://twitter.com/SteveScaliseGOP,S001176
Clay Higgins,rep,LA,3,https://twitter.com/CaptClayHiggins,H001077
Mike Johnson,rep,LA,4,https://twitter.com/MikeJohnson,J000299
Garret Graves,rep,LA,6,https://twitter.com/garretgraves,G000577
Richard E. Neal,rep,MA,1,https://twitter.com/NealForCongress,N000015
James P. McGovern,rep,MA,2,https://twitter.com/McGovernMA,M000312
Lori Trahan,rep,MA,3,https://twitter.com/LoriTrahanMA,T000482
Jake Auchincloss,rep,MA,4,https://twitter.com/JakeAuch,A000148
Katherine M. Clark,rep,MA,5,https://twitter.com/KatherineClark,C001101
Seth Moulton,rep,MA,6,https://twitter.com/sethmoulton,M001196
Ayanna Pressley,rep,MA,7,https://twitter.com/AyannaPressley,P000617
Stephen F. Lynch,rep,MA,8,https://twitter.com/RepLynch,L000562
William R. Keating,rep,MA,9,https://twitter.com/WilliamKeating,K000375
Andy Harris,rep,MD,1,https://twitter.com/Harris4Congress,H001052
C. A. Dutch Ruppersberger,rep,MD,2,https://twitter.com/GoDutchForMD,R000576
John P. Sarbanes,rep,MD,3,https://twitter.com/JohnSarbanes,S001168
Anthony Brown,rep,MD,4,https://twitter.com/AnthonyBrownMD4,B001304
Steny H. Hoyer,rep,MD,5,https://twitter.com/StenyHoyer,H000874
David J. Trone,rep,MD,6,https://twitter.com/davidjtrone,T000483
Kweisi Mfume,rep,MD,7,https://twitter.com/Mfume4Congress,M000687
Jamie Raskin,rep,MD,8,https://twitter.com/jamie_raskin,R000606
Chellie Pingree,rep,ME,1,https://twitter.com/PingreeForME,P000597
Jared F. Golden,rep,ME,2,https://twitter.com/golden4congress,G000592
Jack Bergman,rep,MI,1,https://twitter.com/JackBergman_MI1,B001301
Bill Huizenga,rep,MI,2,https://twitter.com/billhuizenga,H001058
Peter Meijer,rep,MI,3,https://twitter.com/VoteMeijer,M001186
John R. Moolenaar,rep,MI,4,https://twitter.com/JohnMoolenaar,M001194
Daniel T. Kildee,rep,MI,5,https://twitter.com/dankildee,K000380
Fred Upton,rep,MI,6,https://twitter.com/UptonForAllOfUs,U000031
Tim Walberg,rep,MI,7,https://twitter.com/TimWalberg,W000798
Elissa Slotkin,rep,MI,8,https://twitter.com/ElissaSlotkin,S001208
Andy Levin,rep,MI,9,https://twitter.com/Andy_Levin,L000592
Lisa C. McClain,rep,MI,10,https://twitter.com/LisaForCongress,M001136
Haley M. Stevens,rep,MI,11,https://twitter.com/HaleyLive,S001215
Debbie Dingell,rep,MI,12,https://twitter.com/DebDingell,D000624
Rashida Tlaib,rep,MI,13,https://twitter.com/RashidaTlaib,T000481
Brenda L. Lawrence,rep,MI,14,https://twitter.com/BrendaLLawrence,L000581
Jim Hagedorn,rep,MN,1,https://twitter.com/JimHagedornMN,H001088
Angie Craig,rep,MN,2,https://twitter.com/AngieCraigMN,C001119
Dean Phillips,rep,MN,3,https://twitter.com/deanbphillips,P000616
Betty McCollum,rep,MN,4,https://twitter.com/VoteBetty,M001143
Ilhan Omar,rep,MN,5,https://twitter.com/IlhanMN,O000173
Tom Emmer,rep,MN,6,https://twitter.com/tomemmer,E000294
Michelle Fischbach,rep,MN,7,https://twitter.com/FischbachMN7,F000470
Pete Stauber,rep,MN,8,https://twitter.com/PeteStauber,S001212
Cori Bush,rep,MO,1,https://twitter.com/CoriBush,B001224
Ann Wagner,rep,MO,2,https://twitter.com/AnnLWagner,W000812
Blaine Luetkemeyer,rep,MO,3,https://twitter.com/LuetkemeyerB,L000569
Vicky Hartzler,rep,MO,4,https://twitter.com/VickyH4Congress,H001053
Emanuel Cleaver,rep,MO,5,https://twitter.com/Vote4Cleaver,C001061
Sam Graves,rep,MO,6,NaN,G000546
Billy Long,rep,MO,7,https://twitter.com/auctnr1,L000576
Jason Smith,rep,MO,8,https://twitter.com/JasonSmithMO,S001195
Gregorio Kilili Camacho Sablan,rep,MP,0,NaN,S001177
Trent Kelly,rep,MS,1,https://twitter.com/KellyforMS01,K000388
Bennie G. Thompson,rep,MS,2,https://twitter.com/BGThompsonMS,T000193
Michael Guest,rep,MS,3,https://twitter.com/GuestCongress,G000591
Steven M. Palazzo,rep,MS,4,https://twitter.com/StevenPalazzo,P000601
Matthew M. Rosendale,rep,MT,0,https://twitter.com/MattForMontana,R000103
G. K. Butterfield,rep,NC,1,NaN,B001251
Deborah K. Ross,rep,NC,2,https://twitter.com/DeborahRossNC,R000305
Gregory F. Murphy,rep,NC,3,https://twitter.com/GregMurphyMD,M001210
David E. Price,rep,NC,4,NaN,P000523
Virginia Foxx,rep,NC,5,https://twitter.com/foxxforcongress,F000450
Kathy E. Manning,rep,NC,6,https://twitter.com/KathyManningNC,M001135
David Rouzer,rep,NC,7,https://twitter.com/DavidRouzer,R000603
Richard Hudson,rep,NC,8,https://twitter.com/RichHudson,H001067
Dan Bishop,rep,NC,9,https://twitter.com/jdanbishop,B001311
Patrick T. McHenry,rep,NC,10,https://twitter.com/McHenryCampaign,M001156
Madison Cawthorn,rep,NC,11,https://twitter.com/CawthornforNC,C001104
Alma S. Adams,rep,NC,12,https://twitter.com/AlmaforCongress,A000370
Ted Budd,rep,NC,13,https://twitter.com/buddforcongress,B001305
Kelly Armstrong,rep,ND,0,https://twitter.com/Armstrong_ND,A000377
Jeff Fortenberry,rep,NE,1,https://twitter.com/supportfortNE,F000449
Don Bacon,rep,NE,2,https://twitter.com/DonJBacon,B001298
Adrian Smith,rep,NE,3,NaN,S001172
Chris Pappas,rep,NH,1,https://twitter.com/ChrisPappasNH,P000614
Ann Kuster,rep,NH,2,https://twitter.com/AnnMcLaneKuster,K000382
Donald Norcross,rep,NJ,1,https://twitter.com/DonNorcross4NJ,N000188
Jefferson Van Drew,rep,NJ,2,NaN,V000133
Andy Kim,rep,NJ,3,https://twitter.com/AndyKimNJ,K000394
Christopher H. Smith,rep,NJ,4,NaN,S000522
Josh Gottheimer,rep,NJ,5,https://twitter.com/JoshGottheimer,G000583
"Frank Pallone, Jr.",rep,NJ,6,https://twitter.com/pallonefornj,P000034
Tom Malinowski,rep,NJ,7,https://twitter.com/Malinowski,M001203
Albio Sires,rep,NJ,8,https://twitter.com/AlbioSiresNJ,S001165
"Bill Pascrell, Jr.",rep,NJ,9,https://twitter.com/PascrellforNJ,P000096
"Donald M. Payne, Jr.",rep,NJ,10,NaN,P000604
Mikie Sherrill,rep,NJ,11,https://twitter.com/MikieSherrill,S001207
Bonnie Watson Coleman,rep,NJ,12,https://twitter.com/Bonnie4Congress,W000822
Debra A. Haaland,rep,NM,1,https://twitter.com/DebHaalandNM,H001080
Yvette Herrell,rep,NM,2,https://twitter.com/Yvette4congress,H001084
Teresa Leger Fernandez,rep,NM,3,https://twitter.com/TeresaForNM,L000273
Dina Titus,rep,NV,1,https://twitter.com/dinatitus,T000468
Mark E. Amodei,rep,NV,2,https://twitter.com/AmodeiForNevada,A000369
Susie Lee,rep,NV,3,https://twitter.com/SusieLeeNV,L000590
Steven Horsford,rep,NV,4,https://twitter.com/StevenHorsford,H001066
Lee M. Zeldin,rep,NY,1,https://twitter.com/leezeldin,Z000017
Andrew R. Garbarino,rep,NY,2,https://twitter.com/GarbarinoforNY,G000597
Thomas R. Suozzi,rep,NY,3,https://twitter.com/Tom_Suozzi,S001201
Kathleen M. Rice,rep,NY,4,https://twitter.com/KathleenRice,R000602
Gregory W. Meeks,rep,NY,5,https://twitter.com/GregMeeksNYC,M001137
Grace Meng,rep,NY,6,https://twitter.com/Grace4NY,M001188
Nydia M. Vel√°zquez,rep,NY,7,https://twitter.com/ReElectNydia,V000081
Hakeem S. Jeffries,rep,NY,8,https://twitter.com/hakeemjeffries,J000294
Yvette D. Clarke,rep,NY,9,https://twitter.com/VoteYvette,C001067
Jerrold Nadler,rep,NY,10,https://twitter.com/JerryNadler,N000002
Nicole Malliotakis,rep,NY,11,https://twitter.com/NMalliotakis,M000317
Carolyn B. Maloney,rep,NY,12,https://twitter.com/CarolynBMaloney,M000087
Adriano Espaillat,rep,NY,13,https://twitter.com/EspaillatNY,E000297
Alexandria Ocasio-Cortez,rep,NY,14,https://twitter.com/AOC,O000172
Ritchie Torres,rep,NY,15,https://twitter.com/RitchieTorres,T000486
Jamaal Bowman,rep,NY,16,https://twitter.com/JamaalBowmanNY,B001223
Mondaire Jones,rep,NY,17,https://twitter.com/MondaireJones,J000306
Sean Patrick Maloney,rep,NY,18,https://twitter.com/spmaloney,M001185
Antonio Delgado,rep,NY,19,https://twitter.com/DelgadoforNY19,D000630
Paul Tonko,rep,NY,20,https://twitter.com/PaulTonko,T000469
Elise M. Stefanik,rep,NY,21,https://twitter.com/EliseStefanik,S001196
Claudia Tenney,rep,NY,22,https://twitter.com/claudiatenney,T000478
Tom Reed,rep,NY,23,https://twitter.com/TomReedCongress,R000585
John Katko,rep,NY,24,NaN,K000386
Joseph D. Morelle,rep,NY,25,https://twitter.com/votemorelle,M001206
Brian Higgins,rep,NY,26,https://twitter.com/Higgins4WNY,H001038
Chris Jacobs,rep,NY,27,https://twitter.com/JacobsNY27,J000020
Steve Chabot,rep,OH,1,https://twitter.com/SteveChabot,C000266
Brad R. Wenstrup,rep,OH,2,https://twitter.com/bradwenstrup,W000815
Joyce Beatty,rep,OH,3,https://twitter.com/JoyceBeatty,B001281
Jim Jordan,rep,OH,4,https://twitter.com/Votejimjordan,J000289
Robert E. Latta,rep,OH,5,https://twitter.com/latta4congress,L000566
Bill Johnson,rep,OH,6,https://twitter.com/JohnsonLeads,J000292
Bob Gibbs,rep,OH,7,https://twitter.com/Bob_Gibbs,G000563
Warren Davidson,rep,OH,8,https://twitter.com/Vote_Davidson,D000626
Marcy Kaptur,rep,OH,9,https://twitter.com/Marcy_Kaptur,K000009
Michael R. Turner,rep,OH,10,https://twitter.com/MikeTurnerOH,T000463
Marcia L. Fudge,rep,OH,11,https://twitter.com/mlfudge,F000455
Troy Balderson,rep,OH,12,https://twitter.com/Troy_Balderson,B001306
Tim Ryan,rep,OH,13,https://twitter.com/TimRyan,R000577
David P. Joyce,rep,OH,14,https://twitter.com/DaveJoyceOH14,J000295
Steve Stivers,rep,OH,15,https://twitter.com/stevestivers,S001187
Anthony Gonzalez,rep,OH,16,https://twitter.com/anthonygonzalez,G000588
Kevin Hern,rep,OK,1,https://twitter.com/krhern,H001082
Markwayne Mullin,rep,OK,2,https://twitter.com/MarkwayneMullin,M001190
Frank D. Lucas,rep,OK,3,https://twitter.com/FrankDLucas,L000491
Tom Cole,rep,OK,4,NaN,C001053
Stephanie I. Bice,rep,OK,5,https://twitter.com/stephaniebice,B000740
Suzanne Bonamici,rep,OR,1,NaN,B001278
Cliff Bentz,rep,OR,2,https://twitter.com/CliffBentz,B000668
Earl Blumenauer,rep,OR,3,https://twitter.com/repblumenauer,B000574
Peter A. DeFazio,rep,OR,4,https://twitter.com/DeFazio4Oregon,D000191
Kurt Schrader,rep,OR,5,https://twitter.com/VoteSchrader,S001180
Brian K. Fitzpatrick,rep,PA,1,https://twitter.com/BrianFitzUSA,F000466
Brendan F. Boyle,rep,PA,2,https://twitter.com/RepBrendanBoyle,B001296
Dwight Evans,rep,PA,3,https://twitter.com/DwightEvansPA,E000296
Madeleine Dean,rep,PA,4,NaN,D000631
Mary Gay Scanlon,rep,PA,5,https://twitter.com/marygayscanlon,S001205
Chrissy Houlahan,rep,PA,6,https://twitter.com/HoulahanForPa,H001085
Susan Wild,rep,PA,7,https://twitter.com/HoulahanForPa,W000826
Matt Cartwright,rep,PA,8,https://twitter.com/CartwrightPA,C001090
Daniel Meuser,rep,PA,9,https://twitter.com/Meuser4Congress,M001204
Scott Perry,rep,PA,10,https://twitter.com/PatriotsPerry,P000605
Lloyd Smucker,rep,PA,11,https://twitter.com/LloydSmuckerPA,S001199
Fred Keller,rep,PA,12,https://twitter.com/VoteFredKeller,K000395
John Joyce,rep,PA,13,https://twitter.com/JohnJoyceForPA,J000302
Guy Reschenthaler,rep,PA,14,https://twitter.com/reschenthaler,R000610
Glenn Thompson,rep,PA,15,https://twitter.com/GT_TeamGT,T000467
Mike Kelly,rep,PA,16,https://twitter.com/MikeKellyforPA,K000376
Conor Lamb,rep,PA,17,https://twitter.com/ConorLambPA,L000588
Michael F. Doyle,rep,PA,18,NaN,D000482
Jenniffer Gonz√°lez-Col√≥n,rep,PR,0,https://twitter.com/Jenniffer2012,G000582
David N. Cicilline,rep,RI,1,https://twitter.com/davidcicilline,C001084
James R. Langevin,rep,RI,2,https://twitter.com/LangevinForRI,L000559
Nancy Mace,rep,SC,1,https://twitter.com/NancyMace,M000194
Joe Wilson,rep,SC,2,https://twitter.com/TeamJoeWilson,W000795
Jeff Duncan,rep,SC,3,https://twitter.com/JeffDuncan_,D000615
William R. Timmons IV,rep,SC,4,https://twitter.com/VoteTimmons,T000480
Ralph Norman,rep,SC,5,https://twitter.com/RalphNorman,N000190
James E. Clyburn,rep,SC,6,https://twitter.com/ClyburnSC06,C000537
Tom Rice,rep,SC,7,https://twitter.com/TomRiceSC7,R000597
Dusty Johnson,rep,SD,0,https://twitter.com/DustyJohnson,J000301
Diana Harshbarger,rep,TN,1,https://twitter.com/DHarshbargerTN1,H001086
Tim Burchett,rep,TN,2,https://twitter.com/timburchett,B001309
"Charles J. ""Chuck"" Fleischmann",rep,TN,3,https://twitter.com/chuck4congress,F000459
Scott DesJarlais,rep,TN,4,https://twitter.com/DesJarlaisTN04,D000616
Jim Cooper,rep,TN,5,https://twitter.com/CoopForCongress,C000754
John Rose,rep,TN,6,https://twitter.com/JohnRoseforTN,R000612
Mark E. Green,rep,TN,7,https://twitter.com/DrMarkGreen4TN,G000590
David Kustoff,rep,TN,8,https://twitter.com/DavidKustoff,K000392
Steve Cohen,rep,TN,9,https://twitter.com/ReElectCohen,C001068
Louie Gohmert,rep,TX,1,https://twitter.com/LouieGohmertTX1,G000552
Dan Crenshaw,rep,TX,2,https://twitter.com/DanCrenshawTX,C001120
Van Taylor,rep,TX,3,https://twitter.com/VanTaylorTX,T000479
Pat Fallon,rep,TX,4,https://twitter.com/FallonForTexas,F000246
Lance Gooden,rep,TX,5,https://twitter.com/Lancegooden,G000589
Lizzie Fletcher,rep,TX,7,https://twitter.com/Lizzie4Congress,F000468
Kevin Brady,rep,TX,8,https://twitter.com/bradyfortexas,B000755
Al Green,rep,TX,9,https://twitter.com/RepAlGreenTX,G000553
Michael T. McCaul,rep,TX,10,https://twitter.com/McCaulforTexas,M001157
August Pfluger,rep,TX,11,https://twitter.com/AugustPfluger,P000048
Kay Granger,rep,TX,12,https://twitter.com/GrangerCampaign,G000377
Ronny Jackson,rep,TX,13,https://twitter.com/RonnyJacksonTX,J000304
"Randy K. Weber, Sr.",rep,TX,14,https://twitter.com/WeberforTexas,W000814
Vicente Gonzalez,rep,TX,15,https://twitter.com/Vicentecongress,G000581
Veronica Escobar,rep,TX,16,https://twitter.com/vgescobar,E000299
Pete Sessions,rep,TX,17,https://twitter.com/SessionsTX17,S000250
Sheila Jackson Lee,rep,TX,18,https://twitter.com/sjl4hrc,J000032
Jodey C. Arrington,rep,TX,19,https://twitter.com/JodeyArrington,A000375
Joaquin Castro,rep,TX,20,https://twitter.com/Castro4Congress,C001091
Chip Roy,rep,TX,21,https://twitter.com/chiproytx,R000614
Troy E. Nehls,rep,TX,22,https://twitter.com/SheriffTNehls,N000026
Tony Gonzales,rep,TX,23,https://twitter.com/tonygonzalestx,G000594
Beth Van Duyne,rep,TX,24,https://twitter.com/Bethvanduyne,V000134
Roger Williams,rep,TX,25,https://twitter.com/RogerWilliamsTX,W000816
Michael C. Burgess,rep,TX,26,https://twitter.com/DrBurgessTX,B001248
Michael Cloud,rep,TX,27,https://twitter.com/MichaelJCloud,C001115
Henry Cuellar,rep,TX,28,https://twitter.com/CuellarCampaign,C001063
Sylvia R. Garcia,rep,TX,29,https://twitter.com/LaCongresista,G000587
Eddie Bernice Johnson,rep,TX,30,https://twitter.com/EddieBernice,J000126
John R. Carter,rep,TX,31,https://twitter.com/JudgeJohnCarter,C001051
Colin Z. Allred,rep,TX,32,https://twitter.com/ColinAllredTX,A000376
Marc A. Veasey,rep,TX,33,https://twitter.com/MarcVeasey,V000131
Filemon Vela,rep,TX,34,https://twitter.com/FilemonVela,V000132
Lloyd Doggett,rep,TX,35,https://twitter.com/LloydDoggettTX,D000399
Brian Babin,rep,TX,36,https://twitter.com/Babin4Congress,B001291
Blake D. Moore,rep,UT,1,https://twitter.com/ElectBlakeMoore,M001213
Chris Stewart,rep,UT,2,https://twitter.com/StewartforUtah,S001192
John R. Curtis,rep,UT,3,https://twitter.com/CurtisUT,C001114
Burgess Owens,rep,UT,4,https://twitter.com/BurgessOwens,O000086
Robert J. Wittman,rep,VA,1,https://twitter.com/ReElectWittman,W000804
Elaine G. Luria,rep,VA,2,https://twitter.com/ElaineLuriaVA,L000591
"Robert C. ""Bobby"" Scott",rep,VA,3,https://twitter.com/BobbyScott4VA3,S000185
A. Donald McEachin,rep,VA,4,https://twitter.com/Donald_McEachin,M001200
Bob Good,rep,VA,5,https://twitter.com/GoodForCongress,G000595
Ben Cline,rep,VA,6,https://twitter.com/Cline4Virginia,C001118
Abigail Davis Spanberger,rep,VA,7,https://twitter.com/SpanbergerVA07,S001209
"Donald S. Beyer, Jr.",rep,VA,8,https://twitter.com/DonBeyerVA,B001292
H. Morgan Griffith,rep,VA,9,https://twitter.com/MorganGriffith,G000568
Jennifer Wexton,rep,VA,10,https://twitter.com/JenniferWexton,W000825
Gerald E. Connolly,rep,VA,11,https://twitter.com/ElectConnolly,C001078
Stacey E. Plaskett,rep,VI,0,NaN,P000610
Peter Welch,rep,VT,0,https://twitter.com/WelchForVT,W000800
Suzan K. DelBene,rep,WA,1,https://twitter.com/SuzanDelBene,D000617
Rick Larsen,rep,WA,2,https://twitter.com/larsenrick,L000560
Jaime Herrera Beutler,rep,WA,3, https://twitter.com/JaimeForUSRep,H001056
Dan Newhouse,rep,WA,4,https://twitter.com/Newhouse4Rep,N000189
Cathy McMorris Rodgers,rep,WA,5,https://twitter.com/TeamCMR,M001159
Derek Kilmer,rep,WA,6,https://twitter.com/DerekKilmer,K000381
Pramila Jayapal,rep,WA,7,https://twitter.com/PramilaJayapal,J000298
Kim Schrier,rep,WA,8,https://twitter.com/DrKimSchrier,S001216
Adam Smith,rep,WA,9,https://twitter.com/electadamsmith,S000510
Marilyn Strickland,rep,WA,10,https://twitter.com/StricklandforWA,S001159
Bryan Steil,rep,WI,1,https://twitter.com/BryanSteil,S001213
Mark Pocan,rep,WI,2,https://twitter.com/MarkPocan,P000607
Ron Kind,rep,WI,3,https://twitter.com/KindforCongress,K000188
Gwen Moore,rep,WI,4,https://twitter.com/Gwen4Congress,M001160
Scott Fitzgerald,rep,WI,5,https://twitter.com/FitzgeraldForWI,F000471
Glenn Grothman,rep,WI,6,https://twitter.com/GrothmanforWI,G000576
Thomas P. Tiffany,rep,WI,7,https://twitter.com/TomTiffanyWI,T000165
Mike Gallagher,rep,WI,8,https://twitter.com/MikeforWI,G000579
David B. McKinley,rep,WV,1,NaN,M001180
Alexander Mooney,rep,WV,2,https://twitter.com/MooneyforWV,M001195
Carol D. Miller,rep,WV,3,https://twitter.com/CarolMillerWV,M001205
Liz Cheney,rep,WY,0,https://twitter.com/Liz_Cheney,C001109